{
  "Negative": {
    "precision": 0.8318804483188045,
    "recall": 0.8777923784494087,
    "f1-score": 0.8542199488491049,
    "support": 761.0
  },
  "Neutral": {
    "precision": 0.7708628005657708,
    "recall": 0.7295850066934404,
    "f1-score": 0.749656121045392,
    "support": 747.0
  },
  "Positive": {
    "precision": 0.837865055387714,
    "recall": 0.8361809045226131,
    "f1-score": 0.8370221327967807,
    "support": 995.0
  },
  "accuracy": 0.8170195765081901,
  "macro avg": {
    "precision": 0.8135361014240964,
    "recall": 0.8145194298884874,
    "f1-score": 0.8136327342304259,
    "support": 2503.0
  },
  "weighted avg": {
    "precision": 0.8160492462261353,
    "recall": 0.8170195765081901,
    "f1-score": 0.8161771976140126,
    "support": 2503.0
  }
}