{
  "train_losses": [
    0.8932291616315711,
    0.5123972777430326,
    0.30183386662719797,
    0.185502944259158,
    0.11133599430976486
  ],
  "val_losses": [
    0.6237523824356164,
    0.5270123467988269,
    0.683662202351602,
    0.8929446396346732,
    1.0656550215841953
  ],
  "train_accuracies": [
    0.618256550779243,
    0.803476622709368,
    0.8889364617228978,
    0.9368042473026204,
    0.9650625107038876
  ],
  "val_accuracies": [
    0.7549960031974421,
    0.7913669064748201,
    0.8045563549160671,
    0.8049560351718625,
    0.8129496402877698
  ]
}